,City,Lat,Lng,Max Temp,Humidity,Cloudiness,Wind Speed,Country,Date
0,Torbay,47.67,-52.73,69.8,37,40,20.8,CA,1592344542
1,Tabas,33.6,56.92,89.6,19,0,4.7,IR,1592344543
2,Kahului,20.89,-156.47,82.4,61,40,20.8,US,1592344543
3,Khatanga,71.97,102.5,48.51,57,92,10.89,RU,1592344487
4,Bethel,41.37,-73.41,75.99,49,1,9.17,US,1592344543
5,Tasiilaq,65.61,-37.64,37.4,94,100,16.11,GL,1592344470
6,Port Alfred,-33.59,26.89,57.0,85,15,4.0,ZA,1592344544
7,Merrill,45.18,-89.68,82.4,32,1,6.93,US,1592344502
8,Yurginskoye,56.82,67.39,59.56,73,80,8.08,RU,1592344544
9,Atuona,-9.8,-139.03,80.67,76,2,19.55,PF,1592344544
10,Makakilo City,21.35,-158.09,82.4,69,75,8.05,US,1592344377
11,Apatin,45.67,18.98,62.6,93,75,9.17,RS,1592344545
12,Mataura,-46.19,168.86,50.13,76,100,4.25,NZ,1592344470
13,East London,-33.02,27.91,59.14,73,30,8.14,ZA,1592344545
14,Cape Town,-33.93,18.42,50.0,93,0,3.36,ZA,1592344256
15,Cabo San Lucas,22.89,-109.91,93.2,21,40,10.29,MX,1592344336
16,Goderich,43.75,-81.72,70.0,75,0,1.01,CA,1592344500
17,Butaritari,3.07,172.79,82.94,80,2,13.89,KI,1592344546
18,Vaini,-21.2,-175.2,75.2,60,20,10.29,TO,1592344546
19,Luís Correia,-2.88,-41.67,78.98,84,13,5.26,BR,1592344546
20,Norman Wells,65.28,-126.83,68.0,56,20,19.46,CA,1592344498
21,Constitución,-35.33,-72.42,55.15,92,100,12.3,CL,1592344547
22,Beloha,-25.17,45.05,63.07,76,8,12.57,MG,1592344547
23,Boa Viagem,-5.13,-39.73,73.0,89,0,3.13,BR,1592344547
24,Provideniya,64.38,-173.3,57.2,58,36,6.71,RU,1592344548
25,Christchurch,-43.53,172.63,44.6,93,0,1.12,NZ,1592344464
26,Kaitangata,-46.28,169.85,49.87,80,100,4.25,NZ,1592344517
27,Padang,-0.95,100.35,78.17,78,47,5.23,ID,1592344548
28,Port Lincoln,-34.73,135.87,53.31,76,1,4.81,AU,1592344549
29,Albany,42.6,-73.97,81.0,34,0,1.01,US,1592344549
30,Salta,-24.79,-65.41,69.8,49,0,13.87,AR,1592344549
31,Hilo,19.73,-155.09,75.2,88,90,10.36,US,1592344549
32,Calderitas,18.55,-88.25,80.6,88,75,10.51,MX,1592344550
33,New Norfolk,-42.78,147.06,39.0,85,0,1.01,AU,1592344550
34,Richards Bay,-28.78,32.04,60.64,82,69,4.54,ZA,1592344550
35,Busselton,-33.65,115.33,61.0,47,84,22.75,AU,1592344531
36,Calhoun,42.25,-85.0,82.4,39,1,1.97,US,1592344550
37,The Valley,18.22,-63.06,86.0,62,20,14.99,AI,1592344551
38,Hobart,-42.88,147.33,39.99,79,20,8.05,AU,1592344551
39,Mawlaik,23.63,94.42,77.85,92,100,0.87,MM,1592344551
40,Wahpeton,46.27,-96.61,95.0,21,0,26.4,US,1592344552
41,Rikitea,-23.12,-134.97,75.56,78,69,12.82,PF,1592344467
42,Coquimbo,-29.95,-71.34,59.0,72,10,14.99,CL,1592344377
43,Kyenjojo,0.63,30.62,59.07,90,31,1.81,UG,1592344552
44,Asău,46.43,26.4,63.0,93,100,3.36,RO,1592344553
45,Souillac,-20.52,57.52,68.0,88,40,11.41,MU,1592344512
46,Ushuaia,-54.8,-68.3,37.4,86,75,3.36,AR,1592344467
47,Magog,45.27,-72.15,78.8,27,40,6.93,CA,1592344454
48,Saint Paul Harbor,57.79,-152.41,51.8,87,90,16.11,US,1592344553
49,Liverpool,53.41,-2.98,60.8,93,100,4.7,GB,1592344554
50,Carutapera,-1.2,-46.02,76.42,92,66,6.02,BR,1592344554
51,Oktyabr'skiy,54.48,53.47,55.71,88,0,3.33,RU,1592344554
52,Hay River,60.82,-115.8,46.4,75,75,9.17,CA,1592344554
53,Husavik,66.04,-17.34,53.6,58,40,12.75,IS,1592344555
54,Longyearbyen,78.22,15.64,39.2,69,75,6.93,SJ,1592344555
55,Airai,-8.93,125.41,57.15,100,93,5.06,TL,1592344473
56,Faanui,-16.48,-151.75,80.22,81,75,9.57,PF,1592344555
57,San Patricio,19.22,-104.7,84.2,79,5,13.87,MX,1592344520
58,Chui,-33.7,-53.46,60.57,94,29,6.93,UY,1592344556
59,Xinqing,48.23,129.5,49.73,89,100,7.87,CN,1592344557
60,Berlevåg,70.86,29.09,42.6,76,99,18.68,NO,1592344557
61,Imbituba,-28.24,-48.67,66.2,100,90,9.17,BR,1592344557
62,Gornopravdinsk,60.05,69.9,59.95,72,59,8.66,RU,1592344557
63,Port Elizabeth,-33.92,25.57,59.0,87,0,9.17,ZA,1592344473
64,Punta Arenas,-53.15,-70.92,37.4,86,20,14.99,CL,1592344558
65,Henties Bay,-22.12,14.28,69.55,36,0,8.84,NA,1592344519
66,Kavieng,-2.57,150.8,84.52,68,90,9.42,PG,1592344490
67,Kokopo,-4.35,152.26,79.88,83,30,4.72,PG,1592344559
68,Port Hedland,-20.32,118.57,60.8,63,0,4.7,AU,1592344559
69,Porto Velho,-8.76,-63.9,87.8,55,20,3.36,BR,1592344559
70,Kamenka,51.32,42.77,59.0,60,9,7.58,RU,1592344559
71,Isparta Province,38.0,31.0,64.4,68,40,4.7,TR,1592344560
72,Thompson,55.74,-97.86,78.8,31,75,11.41,CA,1592344477
73,Kruisfontein,-34.0,24.73,50.56,93,0,4.43,ZA,1592344560
74,Ginda,30.69,78.49,65.62,52,22,5.48,IN,1592344561
75,Auki,-8.77,160.7,81.66,80,100,4.18,SB,1592344561
76,Isangel,-19.55,169.27,77.0,78,20,11.41,VU,1592344561
77,Saskylakh,71.92,114.08,57.67,41,0,18.95,RU,1592344561
78,Avarua,-21.21,-159.78,75.2,60,3,11.41,CK,1592344562
79,Bharatpur,27.22,77.48,93.72,35,25,8.39,IN,1592344562
80,Barrow,71.29,-156.79,39.2,80,40,18.34,US,1592344562
81,Shangrao,28.45,117.97,77.65,86,19,2.15,CN,1592344562
82,Geraldton,-28.77,114.6,53.6,46,0,17.22,AU,1592344563
83,Safranbolu,41.25,32.69,60.89,80,0,2.51,TR,1592344515
84,Dikson,73.51,80.55,32.09,94,100,14.34,RU,1592344563
85,Buin,-33.73,-70.75,55.4,66,75,1.01,CL,1592344563
86,Esperance,-33.87,121.9,50.0,66,5,18.34,AU,1592344564
87,Bay Roberts,47.6,-53.26,66.0,50,55,14.63,CA,1592344564
88,Kiryat Gat,31.61,34.76,75.0,68,0,3.42,IL,1592344564
89,Castro,-24.79,-50.01,57.47,95,18,5.84,BR,1592344564
90,Kiama,-34.68,150.87,57.99,71,17,1.99,AU,1592344565
91,Pangnirtung,66.15,-65.71,39.2,64,75,8.05,CA,1592344565
92,Mahébourg,-20.41,57.7,68.0,88,40,11.41,MU,1592344565
93,Vostok,46.49,135.88,49.17,100,100,2.3,RU,1592344560
94,Saint-Joseph,-21.37,55.62,64.4,82,75,9.17,RE,1592344566
95,Guangzhou,23.12,113.25,82.0,78,75,4.47,CN,1592344311
96,Santa Lucía,27.91,-15.54,73.4,83,66,19.46,ES,1592344566
97,Xixiang,35.16,112.86,64.99,99,100,5.48,CN,1592344566
98,Qarchī Gak,37.04,66.79,87.8,12,20,5.82,AF,1592344566
99,Biak,-0.91,122.88,76.82,83,26,7.65,ID,1592344567
100,Hermanus,-34.42,19.23,55.0,85,0,1.01,ZA,1592344567
101,Palmer,42.16,-72.33,80.6,30,20,6.93,US,1592344567
102,Lebu,-37.62,-73.65,53.1,92,100,13.35,CL,1592344468
103,Loa Janan,-0.58,117.09,73.27,97,11,1.59,ID,1592344568
104,Banovići,44.41,18.52,59.0,93,40,1.12,BA,1592344441
105,Kapaa,22.08,-159.32,80.6,69,75,13.87,US,1592344568
106,Arraial do Cabo,-22.97,-42.03,71.6,68,40,9.17,BR,1592344568
107,Truckee,39.33,-120.18,62.6,36,40,14.99,US,1592344569
108,Hithadhoo,-0.6,73.08,84.06,76,93,10.47,MV,1592344473
109,São Gabriel da Cachoeira,-0.13,-67.09,84.2,79,40,4.7,BR,1592344569
110,Samarai,-10.62,150.67,79.79,84,100,18.41,PG,1592344535
111,Aswān,24.09,32.91,83.34,15,0,4.43,EG,1592344569
112,Nelson Bay,-32.72,152.15,48.2,93,20,8.05,AU,1592344570
113,Yellowknife,62.46,-114.35,64.4,45,20,20.8,CA,1592344570
114,Tarko-Sale,64.92,77.78,46.0,92,100,13.67,RU,1592344570
115,Port-Gentil,-0.72,8.78,75.2,94,90,9.17,GA,1592344570
116,Strezhevoy,60.73,77.59,62.6,67,51,11.18,RU,1592344571
117,Ucluelet,48.93,-125.55,62.6,63,20,13.87,CA,1592344480
118,Maceió,-9.67,-35.74,75.2,88,0,3.36,BR,1592344353
119,Pisco,-13.7,-76.22,68.0,68,5,14.99,PE,1592344501
120,Dicabisagan,17.08,122.42,79.81,82,31,4.99,PH,1592344572
121,Bandarbeyla,9.49,50.81,83.91,60,59,27.0,SO,1592344572
122,Mossamedes,-15.2,12.15,72.05,63,0,5.53,AO,1592344514
123,Guerrero Negro,27.98,-114.06,74.05,52,5,16.53,MX,1592344508
124,Waddān,29.16,16.14,71.91,41,0,10.22,LY,1592344572
125,Nikolskoye,59.7,30.79,68.0,88,83,2.24,RU,1592344573
126,Blind River,46.18,-82.96,71.6,46,1,6.93,CA,1592344573
127,Littleton,39.61,-105.02,91.99,11,75,19.46,US,1592344573
128,Bacolod City,10.67,122.95,78.78,75,85,1.77,PH,1592344573
129,San Felipe,10.34,-68.74,76.01,89,90,4.59,VE,1592344574
130,Te Anau,-45.42,167.72,52.12,83,77,7.81,NZ,1592344574
131,Hobyo,5.35,48.53,80.89,66,88,23.8,SO,1592344574
132,Elko,41.0,-115.5,71.6,28,1,19.46,US,1592344465
133,Atar,20.52,-13.05,101.86,15,87,14.2,MR,1592344575
134,Sur,22.57,59.53,89.6,51,17,14.27,OM,1592344376
135,Carnarvon,-24.87,113.63,59.0,41,0,6.93,AU,1592344501
136,Half Moon Bay,37.46,-122.43,72.0,45,5,14.99,US,1592344575
137,Ponta do Sol,32.67,-17.1,68.0,100,75,10.29,PT,1592344576
138,Hasaki,35.73,140.83,72.0,77,20,6.93,JP,1592344576
139,Bambous Virieux,-20.34,57.76,68.0,88,40,11.41,MU,1592344485
140,Dongsheng,39.82,109.98,61.02,73,100,11.01,CN,1592344576
141,Mackay,-21.15,149.2,66.2,88,69,11.41,AU,1592344577
142,Banda Aceh,5.56,95.32,81.25,65,99,5.44,ID,1592344577
143,Caxito,-8.58,13.66,71.6,94,20,4.7,AO,1592344577
144,Saint-Philippe,-21.36,55.77,64.4,82,75,9.17,RE,1592344577
145,Puerto Ayora,-0.74,-90.35,80.6,57,20,19.46,EC,1592344577
146,Inhambane,-23.86,35.38,64.92,81,6,8.37,MZ,1592344578
147,Port Hueneme,34.15,-119.2,73.4,60,75,12.75,US,1592344578
148,Preobrazheniye,42.9,133.91,53.83,92,93,7.74,RU,1592344578
149,Turukhansk,65.82,87.98,44.53,82,96,2.26,RU,1592344578
150,Ginir,7.13,40.7,56.98,99,3,7.31,ET,1592344579
151,Qaanaaq,77.48,-69.36,40.44,69,0,2.33,GL,1592344579
152,Ostrovnoy,68.05,39.51,43.18,72,94,5.32,RU,1592344579
153,Erlenbach,49.17,9.27,64.0,100,100,0.83,DE,1592344579
154,Ancud,-41.87,-73.82,53.01,93,75,5.82,CL,1592344579
155,Chokurdakh,70.63,147.92,81.14,26,52,10.89,RU,1592344494
156,Surgut,61.25,73.42,60.8,100,62,10.58,RU,1592344580
157,Bluff,-46.6,168.33,53.58,78,72,12.77,NZ,1592344580
158,Dharampur,20.53,73.18,80.8,83,95,6.93,IN,1592344581
159,Petrovac,44.38,21.42,63.0,92,87,4.0,RS,1592344581
160,Soroti,1.71,33.61,62.87,92,85,3.62,UG,1592344581
161,Rawson,-43.3,-65.1,53.67,47,47,8.43,AR,1592344581
162,Mehamn,71.04,27.85,41.0,86,75,12.75,NO,1592344582
163,Hong Kong,22.29,114.16,82.0,78,1,5.99,HK,1592344477
164,Laas,46.62,10.7,53.6,87,75,1.95,IT,1592344582
165,Olinda,-8.01,-34.86,80.6,69,40,13.87,BR,1592344582
166,Tuktoyaktuk,69.45,-133.04,57.2,76,90,9.17,CA,1592344583
167,Bara,10.37,10.73,83.34,44,100,18.88,NG,1592344583
168,Tilichiki,60.47,166.1,48.63,69,0,6.62,RU,1592344583
169,Qasigiannguit,68.82,-51.19,37.4,74,96,5.82,GL,1592344583
170,Afonso Cláudio,-20.07,-41.12,64.09,84,59,4.7,BR,1592344583
171,Alofi,-19.06,-169.92,75.2,69,75,20.8,NU,1592344584
172,Pelym,61.01,62.0,58.46,82,71,5.75,RU,1592344584
173,Birao,10.28,22.79,78.39,70,93,5.14,CF,1592344584
174,George Town,5.41,100.34,78.8,94,20,3.36,MY,1592344543
175,Gushikawa,26.35,127.87,82.4,94,40,11.41,JP,1592344585
176,Lembeni,-3.78,37.62,60.93,81,25,4.18,TZ,1592344585
177,Jamestown,42.1,-79.24,75.0,46,1,10.29,US,1592344580
178,Lüderitz,-26.65,15.16,77.0,8,0,21.92,NA,1592344585
179,Matai,-8.3,31.52,51.22,82,7,7.63,TZ,1592344585
180,Zyryanka,65.75,150.85,81.77,29,25,6.46,RU,1592344586
181,Mar del Plata,-38.0,-57.56,59.0,100,90,3.36,AR,1592344369
182,Puerto Suárez,-18.95,-57.8,84.2,51,16,8.05,BO,1592344586
183,Dzhankoy,45.72,34.4,64.71,87,0,9.24,UA,1592344587
184,Bengkulu,-3.8,102.27,75.94,88,96,5.86,ID,1592344587
185,Laguna,38.42,-121.42,82.99,22,1,10.29,US,1592344429
186,Vardø,70.37,31.11,42.8,70,96,11.41,NO,1592344587
187,Cayenne,4.93,-52.33,77.0,100,75,8.1,GF,1592344587
188,Huilong,31.81,121.66,73.99,96,100,1.01,CN,1592344588
189,Nanortalik,60.14,-45.24,38.53,84,59,11.74,GL,1592344538
190,Klaksvík,62.23,-6.59,50.0,93,100,19.46,FO,1592344588
191,Belaya Gora,68.53,146.42,80.74,28,1,9.1,RU,1592344546
192,Yenotayevka,47.25,47.03,68.0,88,48,6.38,RU,1592344589
193,Weiser,44.25,-116.97,64.4,39,75,11.41,US,1592344290
194,Indiana,40.0,-86.25,84.0,39,75,4.7,US,1592344589
195,Port Hardy,50.7,-127.42,60.8,63,20,16.11,CA,1592344589
196,Bredasdorp,-34.53,20.04,48.2,100,0,3.6,ZA,1592344590
197,Puerto Madryn,-42.77,-65.04,54.81,44,53,6.87,AR,1592344590
198,Madera,37.17,-119.83,84.99,28,0,1.01,US,1592344590
199,Ust-Tsilma,65.44,52.15,41.94,63,89,8.81,RU,1592344590
200,Codrington,-38.27,141.97,49.08,67,100,2.51,AU,1592344590
201,Paamiut,61.99,-49.67,37.53,77,10,2.8,GL,1592344591
202,Haines Junction,60.75,-137.51,63.91,42,100,7.36,CA,1592344591
203,Victor Harbor,-35.57,138.62,52.0,95,30,4.47,AU,1592344506
204,Kainantu,-6.29,145.87,63.36,91,75,0.67,PG,1592344591
205,Pindorama,-21.19,-48.91,78.8,34,20,6.93,BR,1592344592
206,Lavrentiya,65.58,-171.0,49.87,58,0,3.22,RU,1592344525
207,Örnsköldsvik,63.29,18.72,55.4,50,1,5.82,SE,1592344592
208,Chākuliā,22.48,86.72,81.93,82,100,3.53,IN,1592344592
209,Pittsfield,42.45,-73.25,78.01,36,1,5.48,US,1592344424
210,Schwandorf,49.33,12.11,61.0,82,90,0.45,DE,1592344593
211,Nakhon Phanom,17.41,104.78,74.39,95,100,4.59,TH,1592344593
212,Mabaruma,8.2,-59.78,77.25,91,100,2.73,GY,1592344593
213,Da Lat,11.95,108.44,61.95,100,100,1.92,VN,1592344368
214,Linares,-35.85,-71.6,52.43,95,100,6.24,CL,1592344594
215,Pyaozerskiy,65.83,31.17,47.93,80,0,4.83,RU,1592344594
216,Deputatsky,69.3,139.9,69.26,41,83,8.79,RU,1592344594
217,Srīvardhan,18.03,73.02,78.28,92,100,4.65,IN,1592344595
218,Hualmay,-11.1,-77.61,65.95,74,3,12.48,PE,1592344595
219,Fengxian,34.7,116.59,68.0,87,100,14.16,CN,1592344595
220,Lompoc,34.64,-120.46,68.0,56,0,20.8,US,1592344595
221,Mogadishu,2.04,45.34,78.64,81,100,18.68,SO,1592344503
222,Margate,51.38,1.39,60.01,87,14,1.99,GB,1592344596
223,Camacha,33.08,-16.33,69.8,88,40,5.82,PT,1592344596
224,Nabire,-3.37,135.48,75.72,78,38,3.78,ID,1592344596
225,Leningradskiy,69.38,178.42,52.34,62,0,7.52,RU,1592344550
226,Kavaratti,10.57,72.64,84.38,77,100,21.63,IN,1592344597
227,Aleksandrov Gay,50.15,48.57,65.62,45,3,6.91,RU,1592344597
228,Anjozorobe,-18.4,47.87,57.2,87,75,10.29,MG,1592344597
229,Togul,53.47,85.91,46.53,84,50,7.29,RU,1592344597
230,Nantucket,41.28,-70.1,66.2,59,1,14.99,US,1592344598
231,Daru,-9.08,143.21,78.31,83,99,19.26,PG,1592344598
232,Cherskiy,68.75,161.3,75.83,31,69,5.3,RU,1592344598
233,Severo-Kuril'sk,50.68,156.12,42.33,89,99,12.84,RU,1592344473
234,Goya,-29.14,-59.26,72.54,76,92,10.94,AR,1592344598
235,Mandera,3.94,41.87,80.04,51,86,19.28,KE,1592344599
236,Cidreira,-30.18,-50.21,63.75,93,0,13.06,BR,1592344599
237,Avanigadda,16.02,80.92,84.13,75,100,7.02,IN,1592344599
238,Baykit,61.67,96.37,46.89,76,98,2.3,RU,1592344599
239,Neuquén,-38.95,-68.06,48.2,61,84,3.36,AR,1592344600
240,Galle,6.04,80.22,80.51,86,96,8.77,LK,1592344600
241,Luang Prabang,19.89,102.13,73.89,88,100,1.25,LA,1592344600
242,Ondangwa,-17.92,15.95,59.0,54,0,2.24,NA,1592344600
243,Lagos,6.58,3.75,78.8,94,75,9.17,NG,1592344554
244,Havøysund,71.0,24.66,42.8,75,75,19.46,NO,1592344601
245,Sørland,67.67,12.69,50.22,79,7,13.96,NO,1592344601
246,Angoche,-16.23,39.91,68.85,88,45,10.74,MZ,1592344601
247,El'brus,43.26,42.64,48.06,58,58,0.98,RU,1592344601
248,Okhotsk,59.38,143.3,53.13,70,0,3.42,RU,1592344602
249,Iqaluit,63.75,-68.51,39.2,69,90,3.36,CA,1592344602
250,Adrar,20.5,-10.07,101.21,13,0,15.64,MR,1592344602
251,Saint-Augustin,51.23,-58.65,66.56,45,100,11.74,CA,1592344603
252,Faya,18.39,42.45,73.4,24,39,2.71,SA,1592344603
253,Kyzyl-Suu,42.34,78.01,53.82,59,88,6.69,KG,1592344603
254,Upernavik,72.79,-56.15,32.25,94,77,5.68,GL,1592344499
255,Līsakovsk,52.54,62.49,59.29,62,6,4.27,KZ,1592344604
256,Selfoss,63.93,-21.0,48.0,81,72,5.99,IS,1592344604
257,Coahuayana Viejo,18.73,-103.68,86.0,62,40,13.87,MX,1592344604
258,Verkh-Usugli,52.7,115.17,56.98,92,96,1.34,RU,1592344604
259,Nazilli,37.92,28.32,72.48,43,0,2.15,TR,1592344604
260,Ibrā’,22.69,58.53,83.66,55,1,2.06,OM,1592344605
261,Gayny,60.31,54.32,57.51,91,42,5.28,RU,1592344605
262,Khasan,42.43,130.64,63.84,72,0,1.1,RU,1592344605
263,Sept-Îles,50.2,-66.38,73.4,33,75,19.46,CA,1592344605
264,Haimen,23.19,116.61,77.0,100,40,2.24,CN,1592344606
265,Rocha,-34.48,-54.33,61.05,94,36,8.7,UY,1592344606
266,Bourail,-21.57,165.48,73.11,70,0,2.68,NC,1592344606
267,San Javier,37.81,-0.84,71.01,88,40,8.05,ES,1592344606
268,Kalanchak,46.26,33.29,66.99,100,7,3.0,UA,1592344606
269,Clyde River,70.47,-68.59,35.6,80,75,9.17,CA,1592344607
270,Nichinan,31.6,131.37,71.6,88,75,6.93,JP,1592344547
271,Safford,32.83,-109.71,100.4,17,1,13.67,US,1592344607
272,Monrovia,6.3,-10.8,78.8,94,75,9.17,LR,1592344607
273,Salalah,17.02,54.09,86.0,84,75,4.7,OM,1592344497
274,Hiriyūr,13.95,76.62,77.18,69,100,15.55,IN,1592344608
275,Hudson Bay,52.85,-102.38,82.06,31,87,5.44,CA,1592344608
276,Ystad,55.43,13.82,57.2,82,3,5.82,SE,1592344593
277,Batagay-Alyta,67.8,130.41,64.18,54,82,4.97,RU,1592344608
278,Longonjo,-12.91,15.25,55.0,45,0,2.89,AO,1592344609
279,Domoni,-12.26,44.53,74.7,78,100,7.0,KM,1592344609
280,Coyhaique,-45.58,-72.07,42.8,87,40,3.36,CL,1592344610
281,Balaipungut,1.05,101.28,74.7,94,68,1.59,ID,1592344610
282,Natal,-5.79,-35.21,78.8,83,75,8.05,BR,1592344460
283,Izazi,-7.2,35.73,64.58,53,60,3.91,TZ,1592344610
284,Pitimbu,-7.47,-34.81,77.0,88,40,6.93,BR,1592344570
285,Villa Carlos Paz,-31.42,-64.5,71.01,68,82,13.87,AR,1592344417
286,Krasnosel'kup,65.7,82.47,43.48,70,95,1.28,RU,1592344611
287,Katsuura,35.13,140.3,75.99,69,15,8.05,JP,1592344611
288,Saldanha,-33.01,17.94,53.6,66,0,2.24,ZA,1592344611
289,Ayan,56.45,138.17,42.26,96,100,10.31,RU,1592344612
290,Porto União,-26.24,-51.08,56.25,95,17,1.83,BR,1592344612
291,Sunrise,26.16,-80.29,89.01,48,20,12.75,US,1592344612
292,Kidal,18.44,1.41,94.84,9,0,9.57,ML,1592344612
293,Hamilton,39.18,-84.53,81.0,39,1,8.05,US,1592344595
294,Three Hills,51.7,-113.27,64.4,39,75,11.41,CA,1592344613
295,Santa Cruz Cabrália,-16.28,-39.02,75.2,78,40,4.7,BR,1592344613
296,Aksu,41.12,80.26,70.0,42,76,5.86,CN,1592344613
297,Mayo,38.89,-76.51,73.99,49,1,8.05,US,1592344520
298,Sobolevo,54.43,31.9,63.3,94,47,7.0,RU,1592344614
299,Matina,10.08,-83.29,86.0,74,75,8.05,CR,1592344614
300,Lagoa,39.05,-27.98,64.87,92,7,14.88,PT,1592344497
301,Masty,53.41,24.54,60.37,82,72,7.0,BY,1592344614
302,Ziarat,30.38,67.73,66.51,20,0,8.28,PK,1592344615
303,Khartoum,15.55,32.53,93.2,28,90,8.32,SD,1592344612
304,Paragominas,-2.97,-47.48,77.67,75,26,3.8,BR,1592344615
305,Pundaguitan,6.37,126.17,82.9,72,1,2.8,PH,1592344615
306,Itamarandiba,-17.86,-42.86,62.38,92,84,7.45,BR,1592344615
307,Gorontalo,0.54,123.06,74.68,86,6,2.55,ID,1592344616
308,Aktau,43.65,51.2,71.6,18,92,8.95,KZ,1592344616
309,Tota,5.56,-72.99,56.73,83,82,4.09,CO,1592344616
310,Medicine Hat,50.05,-110.67,71.01,43,90,8.05,CA,1592344322
311,Yulara,-25.24,130.99,37.4,47,0,6.93,AU,1592344616
312,Navelim,15.53,73.98,77.77,94,100,2.42,IN,1592344617
313,Menongue,-14.66,17.69,52.39,64,0,4.7,AO,1592344617
314,Bulawayo,-20.15,28.58,46.4,77,0,11.74,ZW,1592344617
315,Cañazas,8.32,-81.22,81.48,82,100,5.17,PA,1592344617
316,Ribeira Grande,38.52,-28.7,64.76,86,4,14.0,PT,1592344492
317,Bathsheba,13.22,-59.52,82.4,74,75,17.22,BB,1592344618
318,Dalbandin,28.89,64.41,82.33,14,0,0.85,PK,1592344618
319,Davila,18.47,120.58,77.0,94,20,4.7,PH,1592344618
320,Edson,53.58,-116.44,66.2,29,40,6.93,CA,1592344619
321,Tuatapere,-46.13,167.68,50.86,90,71,8.08,NZ,1592344526
322,Kombissiri,12.07,-1.34,89.6,59,68,5.82,BF,1592344619
323,Boende,-0.22,20.87,73.76,69,31,1.39,CD,1592344619
324,Havre-St-Pierre,50.23,-63.6,66.2,48,75,12.75,CA,1592344619
325,Stromness,58.97,-3.3,55.4,93,85,2.24,GB,1592344620
326,Kununurra,-15.77,128.73,66.2,27,5,5.82,AU,1592344620
327,Srednekolymsk,67.45,153.68,80.8,31,91,7.85,RU,1592344620
328,Yerbogachën,61.28,108.01,52.0,68,27,3.74,RU,1592344620
329,Morón,-34.65,-58.62,71.01,79,0,1.01,AR,1592344621
330,Gonder,12.6,37.47,60.37,80,100,3.29,ET,1592344621
331,De-Kastri,51.47,140.78,49.64,69,76,5.1,RU,1592344621
332,Karaj,35.84,51.01,80.6,20,0,13.87,IR,1592344621
333,Lipari,38.47,14.95,70.0,55,0,8.99,IT,1592344622
334,Beberibe,-4.18,-38.13,82.4,74,40,13.87,BR,1592344622
335,Voi,-3.39,38.56,66.49,82,61,8.52,KE,1592344622
336,Lokomotivnyy,53.01,60.57,56.53,57,9,4.25,RU,1592344622
337,Shenjiamen,29.96,122.3,76.21,96,89,5.77,CN,1592344623
338,Tonj,7.27,28.68,74.79,82,78,4.85,SS,1592344623
339,Porbandar,21.64,69.61,85.26,83,100,11.14,IN,1592344623
340,Hofn,64.25,-15.21,49.39,69,0,3.85,IS,1592344545
341,Iranshahr,27.2,60.68,98.6,32,0,6.93,IR,1592344623
342,Karratha,-20.74,116.85,67.6,48,0,4.18,AU,1592344587
343,Burgersdorp,-31.0,26.33,37.8,66,0,4.41,ZA,1592344624
344,Nyurba,63.28,118.33,54.86,82,100,10.85,RU,1592344624
345,Makambako,-8.85,34.82,51.66,69,0,10.18,TZ,1592344624
346,Kamaishi,39.27,141.88,63.7,69,1,5.88,JP,1592344625
347,Andrews,32.32,-102.55,89.6,25,1,11.41,US,1592344625
348,Barão de Melgaço,-16.19,-55.97,87.8,35,0,2.24,BR,1592344625
349,Seredka,58.16,28.19,64.4,88,9,2.24,RU,1592344625
350,Manadhoo,5.77,73.38,83.77,78,6,19.62,MV,1592344626
351,Saint-Pierre,-21.34,55.48,64.4,82,75,9.17,RE,1592344626
352,Sapa,5.15,120.32,82.18,74,0,4.0,PH,1592344626
353,Harar,9.31,42.13,60.75,85,80,8.21,ET,1592344626
354,Kampot,10.62,104.18,78.8,88,40,1.12,KH,1592344626
355,Prince Rupert,54.32,-130.32,53.6,87,90,6.93,CA,1592344627
356,Vila Velha,-20.33,-40.29,73.4,78,90,10.29,BR,1592344627
357,Rafai,4.95,23.92,70.18,96,100,1.79,CF,1592344627
358,San Juan Bautista,-14.01,-75.74,68.0,68,0,14.99,PE,1592344627
359,Huaraz,-9.53,-77.53,59.99,51,83,5.7,PE,1592344549
360,Yeppoon,-23.13,150.73,60.8,93,90,5.82,AU,1592344628
361,Port Hawkesbury,45.62,-61.35,73.99,37,1,11.41,CA,1592344628
362,Prabumulih,-3.45,104.25,72.64,99,61,3.29,ID,1592344628
363,Bumba,2.18,22.47,74.52,77,90,1.45,CD,1592344628
364,Bariloche,-41.15,-71.31,46.4,84,75,5.82,AR,1592344479
365,Omsukchan,62.53,155.8,66.0,45,99,7.23,RU,1592344629
366,Northam,51.03,-4.22,57.0,94,70,4.0,GB,1592344629
367,Baiyin,36.56,104.21,51.8,100,26,2.24,CN,1592344629
368,Hearst,49.68,-83.67,81.27,46,100,12.33,CA,1592344630
369,Calvinia,-31.47,19.78,47.82,46,0,10.45,ZA,1592344630
370,Teya,60.38,92.63,44.87,79,77,5.32,RU,1592344630
371,Nhulunbuy,-12.23,136.77,77.0,78,7,12.75,AU,1592344630
372,Ulaangom,49.98,92.07,56.66,69,4,1.54,MN,1592344631
373,Lata,40.16,-8.33,60.01,77,3,4.0,PT,1592344631
374,Daman,20.42,72.85,82.54,84,98,13.62,IN,1592344631
375,Tiksi,71.69,128.87,49.69,56,53,8.7,RU,1592344523
376,Cap Malheureux,-19.98,57.61,66.0,87,0,3.0,MU,1592344632
377,Jumla,29.27,82.18,61.07,71,66,1.52,NP,1592344632
378,Viedma,-40.81,-63.0,50.16,53,100,6.82,AR,1592344632
379,Dakar,14.69,-17.44,82.4,83,40,4.7,SN,1592344375
380,Makokou,0.57,12.86,71.19,94,100,2.71,GA,1592344633
381,Fort Nelson,58.81,-122.7,53.6,87,90,8.05,CA,1592344402
382,Puerto Parra,6.65,-74.06,90.52,59,77,1.9,CO,1592344633
383,Ko Samui,9.54,99.94,83.82,77,100,12.17,TH,1592344418
384,Kishtwār,33.32,75.77,62.55,44,0,4.03,IN,1592344634
385,Bilma,18.69,12.92,89.74,13,0,15.97,NE,1592344634
386,Mount Gambier,-37.83,140.77,44.6,100,90,4.7,AU,1592344634
387,Colares,38.8,-9.45,66.0,77,0,8.99,PT,1592344634
388,Trincomalee,8.57,81.23,83.1,76,100,19.35,LK,1592344635
389,Benghazi,32.12,20.07,71.37,78,0,9.78,LY,1592344635
390,Saint George,37.1,-113.58,95.0,13,1,28.86,US,1592344533
391,Lorengau,-2.02,147.27,84.42,71,87,6.22,PG,1592344511
392,Hernani,43.27,-1.98,60.8,82,90,5.82,ES,1592344635
393,Pangai,-19.8,-174.35,77.0,47,20,19.46,TO,1592344636
394,Barra do Garças,-15.89,-52.26,72.43,61,0,4.38,BR,1592344636
395,Dudinka,69.41,86.18,39.2,86,75,11.18,RU,1592344636
396,Orlik,52.52,99.83,43.95,74,21,1.32,RU,1592344636
397,Playa Vicente,17.83,-95.82,87.75,58,5,11.25,MX,1592344637
398,Raja,8.46,25.68,71.1,90,78,2.59,SS,1592344637
399,Ilulissat,69.22,-51.1,37.4,77,99,5.82,GL,1592344637
400,Mazagão,-0.12,-51.29,80.6,100,75,5.82,BR,1592344637
401,North Bend,43.41,-124.22,62.01,77,20,10.29,US,1592344637
402,Dali,25.7,100.18,63.7,86,43,5.77,CN,1592344638
403,Chara,56.91,118.26,62.87,65,71,1.63,RU,1592344638
404,Tres Arroyos,-38.37,-60.28,57.49,68,100,4.14,AR,1592344638
405,Kuching,1.55,110.33,75.2,94,20,3.36,MY,1592344421
406,Taoudenni,22.68,-3.98,99.57,9,0,13.49,ML,1592344530
407,Sorong,-0.88,131.25,77.85,84,64,8.05,ID,1592344639
408,Kudahuvadhoo,2.67,72.89,83.43,77,53,11.21,MV,1592344639
409,Tyrma,50.08,132.17,50.47,80,78,3.94,RU,1592344640
410,Marabba,12.35,32.18,86.54,46,79,10.85,SD,1592344640
411,Tessalit,20.2,1.01,96.15,9,0,5.61,ML,1592344640
412,Sibolga,1.74,98.78,76.6,83,85,3.36,ID,1592344640
413,Loandjili,-4.76,11.86,71.6,94,20,3.36,CG,1592344640
414,Erenhot,43.65,111.98,76.55,24,100,13.69,CN,1592344641
415,Narsaq,60.92,-46.05,42.8,87,44,6.93,GL,1592344641
416,Palu,-0.89,119.87,75.18,80,11,2.51,ID,1592344641
417,Onguday,50.75,86.15,51.3,80,67,2.37,RU,1592344641
418,Poum,-20.23,164.02,73.72,75,0,8.52,NC,1592344641
419,Kadnikov,59.5,40.34,59.61,97,0,5.23,RU,1592344642
420,Rørvik,64.86,11.24,56.03,80,0,15.59,NO,1592344642
421,Bajil,15.06,43.29,89.92,53,72,4.79,YE,1592344642
422,Nome,64.5,-165.41,70.0,55,1,11.41,US,1592344506
423,Beranang,2.87,101.87,79.0,88,20,4.7,MY,1592344643
424,Omboué,-1.57,9.26,73.26,91,71,6.62,GA,1592344643
425,Saint-Prosper,46.21,-70.48,79.0,34,17,3.0,CA,1592344643
426,‘Āhuimanu,21.44,-157.84,87.8,55,90,11.41,US,1592344643
427,Nyaunglebin,17.95,96.73,76.06,95,100,3.36,MM,1592344643
428,Praia,14.92,-23.51,82.4,74,20,6.93,CV,1592344644
429,Bétaré Oya,5.6,14.08,68.16,91,80,2.48,CM,1592344644
430,İslahiye,37.02,36.63,73.4,64,8,23.04,TR,1592344644
431,Cockburn Town,21.46,-71.14,86.0,70,75,9.17,TC,1592344580
432,Razdolinsk,58.42,94.67,41.77,84,0,0.96,RU,1592344645
433,Sakakah,29.97,40.21,84.2,14,0,5.82,SA,1592344645
434,Dongning,44.06,131.12,63.25,77,74,3.11,CN,1592344645
435,San Quintín,30.48,-115.95,68.86,63,46,11.05,MX,1592344520
436,Itigi,-5.7,34.48,59.94,68,15,9.19,TZ,1592344646
437,Charters Towers,-20.1,146.27,62.33,81,12,12.66,AU,1592344393
438,Mesker-Yurt,43.25,45.91,69.8,77,86,4.47,RU,1592344646
439,Muros,42.78,-9.06,61.0,78,29,1.01,ES,1592344646
440,Awjilah,29.11,21.29,69.89,73,0,14.63,LY,1592344647
441,Matara,5.95,80.54,79.39,89,100,7.56,LK,1592344647
442,Sungai Raya,0.7,108.9,77.31,82,79,3.49,ID,1592344647
443,Peterhead,57.51,-1.8,55.99,93,6,3.36,GB,1592344647
444,Datong,40.09,113.29,68.02,51,100,5.88,CN,1592344648
445,Wagar,16.15,36.2,82.29,58,100,24.83,SD,1592344648
446,Bataiporã,-22.3,-53.27,68.29,78,0,5.61,BR,1592344489
447,Zyryanovsk,49.74,84.27,55.87,79,100,0.27,KZ,1592344649
448,Teahupoo,-17.83,-149.27,82.4,78,75,16.11,PF,1592344649
449,Ketchikan,55.34,-131.65,57.2,67,90,13.87,US,1592344649
450,Seddon,-37.81,144.89,52.0,100,90,4.7,AU,1592344649
451,Concordia,-31.39,-58.02,73.4,78,75,9.17,AR,1592344395
452,Beringovskiy,63.05,179.32,48.27,69,80,4.25,RU,1592344650
453,Tambura,5.6,27.47,68.72,94,70,3.94,SS,1592344489
454,Norfolk,42.17,-71.25,75.0,35,38,10.29,US,1592344650
455,Tselinnoye,53.08,85.67,46.69,81,56,7.85,RU,1592344650
456,Gizo Government Station,-8.1,156.84,82.51,73,71,4.23,SB,1592344651
457,Dickinson,29.46,-95.05,91.99,41,20,9.17,US,1592344651
458,Yar-Sale,66.83,70.83,40.62,67,98,12.26,RU,1592344476
459,Bloomingdale,27.89,-82.24,87.8,58,75,5.82,US,1592344554
460,Broome,42.25,-75.83,77.0,38,1,6.2,US,1592344652
461,Caravelas,-17.71,-39.25,72.41,89,74,14.83,BR,1592344560
462,Soyo,-6.13,12.37,73.04,92,13,4.18,AO,1592344652
463,Norsup,-16.07,167.38,78.8,94,75,8.05,VU,1592344653
464,Dingle,11.0,122.67,77.43,83,85,4.74,PH,1592344653
465,Buzdyak,54.58,54.55,56.25,90,52,5.64,RU,1592344653
466,Tegul'det,57.31,88.17,41.85,92,0,2.33,RU,1592344653
467,Wad Medani,14.4,33.52,89.24,40,96,8.48,SD,1592344654
468,Aykhal,66.0,111.5,48.2,66,77,4.47,RU,1592344654
469,Honningsvåg,70.98,25.97,41.0,86,75,12.75,NO,1592344654
470,Ilo,-17.64,-71.34,63.99,77,60,5.3,PE,1592344362
471,Mauguio,43.62,4.01,69.8,49,100,16.11,FR,1592344655
472,Khovd,48.01,91.64,61.39,47,12,3.31,MN,1592344655
473,Pareora,-44.49,171.21,48.0,74,2,5.1,NZ,1592344655
474,Armidale,-30.52,151.65,41.2,85,0,3.87,AU,1592344656
475,Uribia,11.71,-72.27,89.51,53,4,22.55,CO,1592344656
476,Pandan,14.05,124.17,79.11,79,75,4.52,PH,1592344656
477,Shingū,33.73,135.98,70.12,63,85,3.58,JP,1592344545
478,Arrondissement de Lons-le-Saunier,46.75,5.75,59.0,93,26,8.05,FR,1592344657
479,Tocache,-8.18,-76.51,81.77,64,15,1.52,PE,1592344657
480,Ayorou,14.73,0.92,102.16,14,0,9.26,NE,1592344658
481,Labuhan,-6.88,112.21,76.91,85,17,5.95,ID,1592344658
482,Pringsewu,-5.36,104.97,72.88,92,76,1.43,ID,1592344658
483,Los Llanos de Aridane,28.66,-17.92,73.99,88,20,5.82,ES,1592344658
484,Farah,32.5,62.5,80.64,15,0,5.84,AF,1592344659
485,Vila Franca do Campo,37.72,-25.43,64.4,82,20,11.41,PT,1592344659
486,Amga,60.9,131.96,65.55,51,0,3.58,RU,1592344659
487,Lālganj,25.87,85.18,82.4,100,40,4.7,IN,1592344659
488,Sicamous,50.83,-118.99,66.99,57,99,3.67,CA,1592344659
489,Vitim,59.45,112.56,54.0,91,100,2.28,RU,1592344660
490,Trabzon Province,40.92,39.83,73.4,78,75,3.36,TR,1592344660
491,Białystok,53.13,23.15,64.0,70,68,35.01,PL,1592344660
492,San Cristobal,7.77,-72.22,87.8,58,40,9.17,VE,1592344487
493,Kumul,42.8,93.45,79.0,17,0,12.71,CN,1592344661
494,Trairi,-3.28,-39.27,78.94,80,1,10.47,BR,1592344530
495,Buraidah,26.33,43.98,91.4,19,6,11.41,SA,1592344588
496,Maltahöhe,-24.83,16.98,45.14,41,0,12.48,NA,1592344661
497,College,64.86,-147.8,73.4,40,75,5.82,US,1592344662
498,Sarkand,45.41,79.92,63.99,44,90,5.19,KZ,1592344662
499,Troitsko-Pechorsk,62.71,56.2,45.39,83,98,8.66,RU,1592344662
500,Imeni Poliny Osipenko,52.42,136.49,46.69,88,98,7.14,RU,1592344662
501,Wamba,8.93,8.6,75.76,90,99,2.84,NG,1592344663
502,Padilla,3.22,-76.31,84.2,58,40,6.93,CO,1592344663
503,Bonthe,7.53,-12.51,79.32,86,100,6.53,SL,1592344664
504,Panguna,-6.32,155.48,72.95,92,99,0.45,PG,1592344664
505,Pervomayskoye,43.92,46.71,71.53,61,98,7.18,RU,1592344664
506,Gorin,51.2,136.67,50.31,74,94,6.2,RU,1592344664
507,Gorom-Gorom,14.44,-0.24,101.48,16,13,6.29,BF,1592344664
508,Almaznyy,48.04,40.05,75.2,27,31,15.66,RU,1592344665
509,Miracema do Tocantins,-9.56,-48.4,77.38,54,0,4.03,BR,1592344665
510,Antalaha,-14.9,50.28,69.49,87,69,9.86,MG,1592344665
511,Swan Hill,-35.34,143.55,46.04,93,38,4.29,AU,1592344507
512,Shelburne,44.08,-80.2,77.0,31,1,8.05,CA,1592344666
513,Nishihara,26.18,127.76,82.4,94,75,10.29,JP,1592344666
514,Belmonte,-15.86,-38.88,75.2,78,40,4.7,BR,1592344666
515,Mtsensk,53.28,36.57,60.78,90,0,5.95,RU,1592344667
516,Maués,-3.38,-57.72,77.22,92,17,0.98,BR,1592344667
517,Cherepanovo,54.22,83.38,44.01,93,32,8.55,RU,1592344667
518,Mozarlândia,-14.74,-50.57,75.02,55,0,2.98,BR,1592344667
519,Roebourne,-20.78,117.13,69.03,47,0,3.91,AU,1592344668
520,Rincon,32.3,-81.24,77.0,64,90,8.05,US,1592344668
521,Cheremshanka,56.12,60.27,54.09,97,13,6.82,RU,1592344668
522,Nicolás Bravo,18.45,-88.92,80.6,88,75,4.34,MX,1592344668
523,Dunedin,-45.87,170.5,59.0,54,100,11.01,NZ,1592344668
524,Lugovoy,42.95,72.76,58.51,45,5,6.87,KZ,1592344669
525,Sonsón,5.71,-75.31,75.2,47,40,8.05,CO,1592344669
526,São Filipe,14.9,-24.5,76.84,80,0,9.44,CV,1592344669
527,Zamora,-4.07,-78.96,71.83,67,91,0.94,EC,1592344669
528,Çermik,38.14,39.45,77.0,31,2,9.17,TR,1592344669
529,Stann Creek Town,16.97,-88.23,84.0,94,40,3.36,BZ,1592344670
530,Harlow,51.78,0.11,63.0,82,11,6.93,GB,1592344443
531,Mpongwe,-13.51,28.16,52.81,76,14,6.93,ZM,1592344670
532,Muravlenko,63.79,74.52,49.78,92,100,11.48,RU,1592344671
533,Whitehorse,60.72,-135.05,50.0,100,90,8.05,CA,1592344386
534,Argayash,55.49,60.88,59.0,62,20,11.18,RU,1592344671
535,Oddur,4.12,43.89,73.26,70,75,19.15,SO,1592344535
536,Kargasok,59.06,80.86,49.1,67,51,9.06,RU,1592344672
537,Tiarei,-17.53,-149.33,82.4,78,75,16.11,PF,1592344532
538,Kaduna,10.52,7.44,76.33,84,91,8.7,NG,1592344672
539,Flinders,-34.58,150.86,57.99,72,12,4.0,AU,1592344673
540,Anqiu,36.43,119.19,69.15,68,100,10.33,CN,1592344673
541,Motygino,58.18,94.76,42.01,84,0,1.36,RU,1592344673
542,Karaman Province,37.08,33.25,62.74,49,1,2.44,TR,1592344673
543,Preeceville,51.95,-102.67,76.08,44,100,7.07,CA,1592344673
544,Beyneu,45.32,55.2,71.24,28,0,4.27,KZ,1592344674
545,Lethbridge,49.7,-112.82,68.0,45,90,13.87,CA,1592344674
546,Tirumala,13.68,79.35,75.56,75,100,3.87,IN,1592344674
547,Okmulgee,35.62,-95.96,93.2,38,40,10.29,US,1592344674
548,Nuristan,35.3,70.83,35.8,74,0,13.31,AF,1592344599
549,Bowen,-20.02,148.23,72.0,88,4,5.82,AU,1592344675
550,Pahlgām,34.03,75.33,54.45,46,13,5.06,IN,1592344675
551,Kieta,-6.22,155.63,81.43,76,98,3.53,PG,1592344675
552,Ca Mau,9.18,105.15,78.71,88,85,1.1,VN,1592344676
553,Tracy,37.74,-121.43,81.0,27,1,9.17,US,1592344676
554,São José da Coroa Grande,-8.9,-35.15,76.35,83,35,10.11,BR,1592344676
555,Zorritos,-3.68,-80.68,76.55,66,11,10.29,PE,1592344676
556,Zasheyek,67.41,32.55,42.4,66,2,0.92,RU,1592344676
557,Nacala,-14.54,40.67,68.76,79,11,13.65,MZ,1592344677
558,Wapi Pathum,15.85,103.38,76.62,88,100,12.15,TH,1592344677
559,Miraflores,19.22,-98.81,78.8,14,5,3.36,MX,1592344677
560,Kim,40.21,70.47,71.6,33,1,15.66,TJ,1592344677
561,Partizansk,43.13,133.13,56.71,91,63,3.15,RU,1592344678
562,Skibbereen,51.55,-9.27,57.2,87,75,12.75,IE,1592344678
563,Yumen,40.28,97.2,66.16,25,0,6.13,CN,1592344678
564,Touros,-5.2,-35.46,77.0,94,75,5.82,BR,1592344678
565,Manyana,-23.4,21.72,42.93,50,0,5.84,BW,1592344679
566,Cache Creek,50.81,-121.32,60.01,47,1,12.75,CA,1592344679
567,Sinnamary,5.38,-52.95,78.89,86,97,7.2,GF,1592344679
568,Porto Nacional,-10.71,-48.42,84.2,45,0,6.93,BR,1592344679
569,Regina,50.45,-104.62,77.0,41,90,13.87,CA,1592344680
570,Coro,11.4,-69.67,83.8,68,18,19.55,VE,1592344539
571,Río Gallegos,-51.62,-69.22,30.2,92,75,10.29,AR,1592344497
572,Sonoita,31.85,-112.83,98.01,6,1,8.99,MX,1592344680
573,Port Blair,11.67,92.75,80.76,84,100,20.42,IN,1592344453
574,Kaina,12.64,8.59,93.61,35,49,16.37,NG,1592344681
575,Icod de los Vinos,28.37,-16.71,75.2,50,20,31.09,ES,1592344681
